연월,집계 일수,구독자,누적 구독자,구독자 전월 대비 변화율(%),유효 조회수,유효 조회수 전월 대비 변화율(%),조회수,조회수 전월 대비 변화율(%),시청 시간(단위: 시간),시청 시간 전월 대비 변화율(%),평균 시청 지속 시간
2017-11,5,0,0,,0,,0,,0,,
2017-12,31,2,2,,25,,25,,0.2501,,0:00:36
2018-01,31,0,2,0.0,15,-40.0,15,-40.0,0.1377,-44.9,0:00:33
2018-02,28,1,3,50.0,9,-40.0,9,-40.0,0.0306,-77.8,0:00:12
2018-03,31,0,3,0.0,2,-77.8,2,-77.8,0.0275,-10.1,0:00:49
2018-04,30,0,3,0.0,4,100.0,4,100.0,0.0583,112.0,0:00:52
2018-05,31,-1,2,-33.3,1,-75.0,1,-75.0,0.0044,-92.5,0:00:15
2018-06,30,0,2,0.0,1,0.0,1,0.0,0.0212,381.8,0:01:16
2018-07,31,0,2,0.0,8,700.0,8,700.0,0.1643,675.0,0:01:13
2018-08,31,0,2,0.0,0,-100.0,0,-100.0,0,-100.0,
2018-09,30,4,6,200.0,39,,39,,0.5197,,0:00:47
2018-10,31,4,10,66.7,211,441.0,211,441.0,2.334,349.1,0:00:39
2018-11,30,0,10,0.0,140,-33.6,140,-33.6,0.7381,-68.4,0:00:18
2018-12,31,4,14,40.0,217,55.0,217,55.0,2.2601,206.2,0:00:37
2019-01,31,1,15,7.1,422,94.5,422,94.5,5.2523,132.4,0:00:44
2019-02,28,3,18,20.0,435,3.1,435,3.1,6.0862,15.9,0:00:50
2019-03,31,3,21,16.7,561,29.0,561,29.0,6.6474,9.2,0:00:42
2019-04,30,5,26,23.8,302,-46.2,302,-46.2,4.0801,-38.6,0:00:48
2019-05,31,0,26,0.0,317,5.0,317,5.0,4.4352,8.7,0:00:50
2019-06,30,2,28,7.7,170,-46.4,170,-46.4,2.266,-48.9,0:00:47
2019-07,31,5,33,17.9,289,70.0,289,70.0,4.9895,120.2,0:01:02
2019-08,31,-1,32,-3.0,250,-13.5,250,-13.5,3.8946,-21.9,0:00:56
2019-09,30,0,32,0.0,139,-44.4,139,-44.4,2.2414,-42.4,0:00:58
2019-10,31,1,33,3.1,214,54.0,214,54.0,3.0445,35.8,0:00:51
2019-11,30,4,37,12.1,320,49.5,320,49.5,4.1927,37.7,0:00:47
2019-12,31,7,44,18.9,374,16.9,374,16.9,5.7413,36.9,0:00:55
2020-01,31,4,48,9.1,866,131.6,866,131.6,11.6832,103.5,0:00:48
2020-02,29,2,50,4.2,801,-7.5,801,-7.5,12.2149,4.6,0:00:54
2020-03,31,2,52,4.0,950,18.6,950,18.6,15.7137,28.6,0:00:59
2020-04,30,4,56,7.7,796,-16.2,796,-16.2,11.9615,-23.9,0:00:54
2020-05,31,4,60,7.1,791,-0.6,791,-0.6,11.3617,-5.0,0:00:51
2020-06,30,0,60,0.0,641,-19.0,641,-19.0,8.6296,-24.0,0:00:48
2020-07,31,0,60,0.0,510,-20.4,510,-20.4,6.2479,-27.6,0:00:44
2020-08,31,5,65,8.3,738,44.7,738,44.7,9.3241,49.2,0:00:45
2020-09,30,-1,64,-1.5,507,-31.3,507,-31.3,7.0853,-24.0,0:00:50
2020-10,31,2,66,3.1,386,-23.9,386,-23.9,5.2013,-26.6,0:00:48
2020-11,30,1,67,1.5,206,-46.6,206,-46.6,2.7387,-47.3,0:00:47
2020-12,31,0,67,0.0,182,-11.7,182,-11.7,2.4202,-11.6,0:00:47
2021-01,31,1,68,1.5,2,-98.9,2,-98.9,0.0392,-98.4,0:01:10
2021-02,28,0,68,0.0,0,-100.0,0,-100.0,0,-100.0,
2021-03,31,-1,67,-1.5,15,,15,,0.4224,,0:01:41
2021-04,30,1,68,1.5,59,293.3,59,293.3,1.2668,199.9,0:01:17
2021-05,31,-4,64,-5.9,18,-69.5,18,-69.5,0.0381,-97.0,0:00:07
2021-06,30,-1,63,-1.6,13,-27.8,13,-27.8,0.0449,17.8,0:00:12
2021-07,31,-1,62,-1.6,16,23.1,16,23.1,0.0764,70.2,0:00:17
2021-08,31,4,66,6.5,55,243.8,55,243.8,0.7861,928.9,0:00:51
2021-09,30,1,67,1.5,53,-3.6,53,-3.6,0.6683,-15.0,0:00:45
2021-10,31,1,68,1.5,40,-24.5,40,-24.5,0.1202,-82.0,0:00:10
2021-11,30,0,68,0.0,23,-42.5,23,-42.5,0.1323,10.1,0:00:20
2021-12,31,0,68,0.0,119,417.4,119,417.4,3.6882,2687.8,0:01:51
2022-01,31,-4,64,-5.9,61,-48.7,61,-48.7,0.6279,-83.0,0:00:37
2022-02,28,1,65,1.6,100,63.9,100,63.9,2.0152,220.9,0:01:12
2022-03,31,0,65,0.0,31,-69.0,31,-69.0,0.5466,-72.9,0:01:03
2022-04,30,0,65,0.0,71,129.0,71,129.0,2.9785,444.9,0:02:31
2022-05,31,1,66,1.5,40,-43.7,40,-43.7,1.2284,-58.8,0:01:50
2022-06,30,-1,65,-1.5,82,105.0,82,105.0,1.0851,-11.7,0:00:47
2022-07,31,-1,64,-1.5,46,-43.9,46,-43.9,0.7438,-31.5,0:00:58
2022-08,31,-2,62,-3.1,148,221.7,148,221.7,3.3738,353.6,0:01:22
2022-09,30,-1,61,-1.6,33,-77.7,33,-77.7,0.2328,-93.1,0:00:25
2022-10,31,0,61,0.0,27,-18.2,27,-18.2,0.4832,107.6,0:01:04
2022-11,30,0,61,0.0,21,-22.2,21,-22.2,0.1755,-63.7,0:00:30
2022-12,31,1,62,1.6,53,152.4,53,152.4,0.4351,147.9,0:00:29
2023-01,31,0,62,0.0,24,-54.7,24,-54.7,0.3174,-27.1,0:00:47
2023-02,28,-1,61,-1.6,23,-4.2,23,-4.2,0.1557,-50.9,0:00:24
2023-03,31,0,61,0.0,82,256.5,82,256.5,1.3476,765.5,0:00:59
2023-04,30,0,61,0.0,13,-84.1,13,-84.1,0.2181,-83.8,0:01:00
2023-05,31,-1,60,-1.6,14,7.7,14,7.7,0.2209,1.3,0:00:56
2023-06,30,1,61,1.7,41,192.9,41,192.9,0.3422,54.9,0:00:30
2023-07,31,123,184,201.6,29372,71539.0,29372,71539.0,946.3969,276462.5,0:01:55
2023-08,31,272,456,147.8,57760,96.6,57760,96.6,2409.7398,154.6,0:02:30
2023-09,30,84,540,18.4,16680,-71.1,16680,-71.1,809.4295,-66.4,0:02:54
2023-10,31,7,547,1.3,6557,-60.7,6557,-60.7,317.6964,-60.8,0:02:54
2023-11,30,6,553,1.1,3682,-43.8,3682,-43.8,173.3222,-45.4,0:02:49
2023-12,31,-1,552,-0.2,2209,-40.0,2209,-40.0,118.2945,-31.7,0:03:12
2024-01,31,2,554,0.4,1777,-19.6,1777,-19.6,104.5559,-11.6,0:03:31
2024-02,29,0,554,0.0,2659,49.6,2659,49.6,102.8621,-1.6,0:02:19
2024-03,31,1,555,0.2,1510,-43.2,1510,-43.2,79.9403,-22.3,0:03:10
2024-04,30,9,564,1.6,5591,270.3,5591,270.3,121.8705,52.5,0:01:18
2024-05,31,4,568,0.7,3497,-37.5,3497,-37.5,178.0717,46.1,0:03:03
2024-06,30,2,570,0.4,1916,-45.2,1916,-45.2,106.2167,-40.4,0:03:19
2024-07,31,0,570,0.0,2729,42.4,2729,42.4,98.6012,-7.2,0:02:10
2024-08,31,5,575,0.9,1317,-51.7,1317,-51.7,67.8792,-31.2,0:03:05
2024-09,30,3,578,0.5,1280,-2.8,1280,-2.8,63.3186,-6.7,0:02:58
2024-10,31,1,579,0.2,2153,68.2,2153,68.2,103.039,62.7,0:02:52
2024-11,30,3,582,0.5,2472,14.8,2472,14.8,132.913,29.0,0:03:13
2024-12,31,7,589,1.2,3411,38.0,3411,38.0,145.0454,9.1,0:02:33
2025-01,31,9,598,1.5,3257,-4.5,3257,-4.5,193.9505,33.7,0:03:34
2025-02,28,8,606,1.3,4620,41.8,4620,41.8,258.1837,33.1,0:03:21
2025-03,31,11,617,1.8,3715,-19.6,3716,-19.6,196.9536,-23.7,0:03:10
2025-04,30,3,620,0.5,2707,-27.1,2721,-26.8,188.0076,-4.5,0:04:10
2025-05,31,3,623,0.5,2385,-11.9,2750,1.1,135.8229,-27.8,0:03:25
2025-06,30,2,625,0.3,1735,-27.3,1746,-36.5,102.9953,-24.2,0:03:33
2025-07,31,23,648,3.7,24740,1325.9,53757,2978.9,221.3473,114.9,0:00:32
2025-08,31,4,652,0.6,1478,-94.0,1518,-97.2,64.507,-70.9,0:02:37
2025-09,30,49,701,7.5,9995,576.3,17299,1039.6,125.2676,94.2,0:00:45
2025-10,31,58,759,8.3,4887,-51.1,8207,-52.6,96.4919,-23.0,0:01:11
2025-11,30,10,769,1.3,6812,39.4,13043,58.9,94.2843,-2.3,0:00:49
2025-12,31,8,777,1.0,19574,187.3,39894,205.9,125.8217,33.4,0:00:23
2026-01,31,15,792,1.9,4264,-78.2,6473,-83.8,172.4552,37.1,0:02:25
2026-02,28,-1,791,-0.1,2876,-32.6,3524,-45.6,118.3366,-31.4,0:02:28
2026-03,31,-1,790,-0.1,2606,-9.4,3337,-5.3,112.1202,-5.3,0:02:34
2026-04,30,182,972,23.0,3050,17.0,3521,5.5,107.4736,-4.1,0:02:06
2026-05,31,671,1643,69.0,5959,95.4,7218,105.0,110.439,2.8,0:01:06
2026-06,30,170,1813,10.3,4328,-27.4,7167,-0.7,89.0512,-19.4,0:01:14
2026-07,31,892,2705,49.2,6290,45.3,7607,6.1,112.5552,26.4,0:01:04
2026-08,31,485,3190,17.9,4022,-36.1,4441,-41.6,88.0512,-21.8,0:01:18
2026-09,27,197,3387,6.2,3011,-25.1,4161,-6.3,68.3424,-22.4,0:01:21
