주 시작일(월),집계 일수,구독자,누적 구독자,구독자 전주 대비 변화율(%),유효 조회수,유효 조회수 전주 대비 변화율(%),조회수,조회수 전주 대비 변화율(%),시청 시간(단위: 시간),시청 시간 전주 대비 변화율(%),평균 시청 지속 시간
2017-11-20,1,0,0,,0,,0,,0,,
2017-11-27,7,0,0,,0,,0,,0,,
2017-12-04,7,0,0,,0,,0,,0,,
2017-12-11,7,0,0,,0,,0,,0,,
2017-12-18,7,0,0,,0,,0,,0,,
2017-12-25,7,2,2,,25,,25,,0.2501,,0:00:36
2018-01-01,7,0,2,0.0,6,-76.0,6,-76.0,0.0309,-87.6,0:00:18
2018-01-08,7,0,2,0.0,3,-50.0,3,-50.0,0.0415,34.3,0:00:49
2018-01-15,7,0,2,0.0,0,-100.0,0,-100.0,0,-100.0,
2018-01-22,7,0,2,0.0,3,,3,,0.0291,,0:00:34
2018-01-29,7,1,3,50.0,4,33.3,4,33.3,0.0395,35.7,0:00:35
2018-02-05,7,0,3,0.0,2,-50.0,2,-50.0,0.0145,-63.3,0:00:26
2018-02-12,7,0,3,0.0,5,150.0,5,150.0,0.0103,-29.0,0:00:07
2018-02-19,7,0,3,0.0,0,-100.0,0,-100.0,0,-100.0,
2018-02-26,7,0,3,0.0,2,,2,,0.0292,,0:00:52
2018-03-05,7,0,3,0.0,0,-100.0,0,-100.0,0,-100.0,
2018-03-12,7,0,3,0.0,0,,0,,0,,
2018-03-19,7,0,3,0.0,0,,0,,0,,
2018-03-26,7,0,3,0.0,1,,1,,0.0008,,0:00:02
2018-04-02,7,0,3,0.0,2,100.0,2,100.0,0.0507,6237.5,0:01:31
2018-04-09,7,0,3,0.0,0,-100.0,0,-100.0,0,-100.0,
2018-04-16,7,0,3,0.0,2,,2,,0.0076,,0:00:13
2018-04-23,7,0,3,0.0,0,-100.0,0,-100.0,0,-100.0,
2018-04-30,7,0,3,0.0,1,,1,,0.0044,,0:00:15
2018-05-07,7,0,3,0.0,0,-100.0,0,-100.0,0,-100.0,
2018-05-14,7,0,3,0.0,0,,0,,0,,
2018-05-21,7,-1,2,-33.3,0,,0,,0,,
2018-05-28,7,0,2,0.0,0,,0,,0,,
2018-06-04,7,0,2,0.0,1,,1,,0.0212,,0:01:16
2018-06-11,7,0,2,0.0,0,-100.0,0,-100.0,0,-100.0,
2018-06-18,7,0,2,0.0,0,,0,,0,,
2018-06-25,7,0,2,0.0,0,,0,,0,,
2018-07-02,7,0,2,0.0,2,,2,,0.029,,0:00:52
2018-07-09,7,0,2,0.0,0,-100.0,0,-100.0,0,-100.0,
2018-07-16,7,0,2,0.0,6,,6,,0.1353,,0:01:21
2018-07-23,7,0,2,0.0,0,-100.0,0,-100.0,0,-100.0,
2018-07-30,7,0,2,0.0,0,,0,,0,,
2018-08-06,7,0,2,0.0,0,,0,,0,,
2018-08-13,7,0,2,0.0,0,,0,,0,,
2018-08-20,7,0,2,0.0,0,,0,,0,,
2018-08-27,7,0,2,0.0,0,,0,,0,,
2018-09-03,7,0,2,0.0,0,,0,,0,,
2018-09-10,7,0,2,0.0,2,,2,,0.0399,,0:01:11
2018-09-17,7,0,2,0.0,13,550.0,13,550.0,0.2224,457.4,0:01:01
2018-09-24,7,4,6,200.0,24,84.6,24,84.6,0.2574,15.7,0:00:38
2018-10-01,7,1,7,16.7,16,-33.3,16,-33.3,0.2542,-1.2,0:00:57
2018-10-08,7,1,8,14.3,39,143.8,39,143.8,0.6158,142.3,0:00:56
2018-10-15,7,2,10,25.0,100,156.4,100,156.4,0.9907,60.9,0:00:35
2018-10-22,7,0,10,0.0,54,-46.0,54,-46.0,0.4714,-52.4,0:00:31
2018-10-29,7,0,10,0.0,28,-48.1,28,-48.1,0.2306,-51.1,0:00:29
2018-11-05,7,0,10,0.0,33,17.9,33,17.9,0.1103,-52.2,0:00:12
2018-11-12,7,0,10,0.0,23,-30.3,23,-30.3,0.0681,-38.3,0:00:10
2018-11-19,7,0,10,0.0,51,121.7,51,121.7,0.2535,272.2,0:00:17
2018-11-26,7,1,11,10.0,67,31.4,67,31.4,0.5787,128.3,0:00:31
2018-12-03,7,0,11,0.0,38,-43.3,38,-43.3,0.379,-34.5,0:00:35
2018-12-10,7,0,11,0.0,11,-71.1,11,-71.1,0.0811,-78.6,0:00:26
2018-12-17,7,1,12,9.1,23,109.1,23,109.1,0.308,279.8,0:00:48
2018-12-24,7,1,13,8.3,64,178.3,64,178.3,0.797,158.8,0:00:44
2018-12-31,7,1,14,7.7,107,67.2,107,67.2,0.9722,22.0,0:00:32
2019-01-07,7,1,15,7.1,76,-29.0,76,-29.0,0.9787,0.7,0:00:46
2019-01-14,7,0,15,0.0,103,35.5,103,35.5,1.2355,26.2,0:00:43
2019-01-21,7,0,15,0.0,110,6.8,110,6.8,1.6587,34.3,0:00:54
2019-01-28,7,0,15,0.0,102,-7.3,102,-7.3,1.3764,-17.0,0:00:48
2019-02-04,7,2,17,13.3,91,-10.8,91,-10.8,1.3159,-4.4,0:00:52
2019-02-11,7,1,18,5.9,98,7.7,98,7.7,1.5294,16.2,0:00:56
2019-02-18,7,0,18,0.0,137,39.8,137,39.8,1.8269,19.5,0:00:48
2019-02-25,7,1,19,5.6,101,-26.3,101,-26.3,1.0816,-40.8,0:00:38
2019-03-04,7,0,19,0.0,113,11.9,113,11.9,1.3873,28.3,0:00:44
2019-03-11,7,0,19,0.0,121,7.1,121,7.1,1.4231,2.6,0:00:42
2019-03-18,7,2,21,10.5,113,-6.6,113,-6.6,1.2538,-11.9,0:00:39
2019-03-25,7,0,21,0.0,167,47.8,167,47.8,2.1402,70.7,0:00:46
2019-04-01,7,2,23,9.5,112,-32.9,112,-32.9,1.3547,-36.7,0:00:43
2019-04-08,7,0,23,0.0,78,-30.4,78,-30.4,1.0322,-23.8,0:00:47
2019-04-15,7,1,24,4.3,55,-29.5,55,-29.5,0.872,-15.5,0:00:57
2019-04-22,7,2,26,8.3,44,-20.0,44,-20.0,0.5508,-36.8,0:00:45
2019-04-29,7,0,26,0.0,92,109.1,92,109.1,1.5066,173.5,0:00:58
2019-05-06,7,1,27,3.8,59,-35.9,59,-35.9,0.8194,-45.6,0:00:49
2019-05-13,7,0,27,0.0,78,32.2,78,32.2,1.0393,26.8,0:00:47
2019-05-20,7,0,27,0.0,50,-35.9,50,-35.9,0.7127,-31.4,0:00:51
2019-05-27,7,-1,26,-3.7,69,38.0,69,38.0,0.89,24.9,0:00:46
2019-06-03,7,0,26,0.0,58,-15.9,58,-15.9,0.6513,-26.8,0:00:40
2019-06-10,7,1,27,3.8,30,-48.3,30,-48.3,0.439,-32.6,0:00:52
2019-06-17,7,0,27,0.0,29,-3.3,29,-3.3,0.4901,11.6,0:01:00
2019-06-24,7,1,28,3.7,35,20.7,35,20.7,0.4232,-13.7,0:00:43
2019-07-01,7,0,28,0.0,42,20.0,42,20.0,0.8332,96.9,0:01:11
2019-07-08,7,1,29,3.6,58,38.1,58,38.1,1.0308,23.7,0:01:03
2019-07-15,7,4,33,13.8,98,69.0,98,69.0,1.5682,52.1,0:00:57
2019-07-22,7,0,33,0.0,70,-28.6,70,-28.6,1.2441,-20.7,0:01:03
2019-07-29,7,0,33,0.0,60,-14.3,60,-14.3,0.7605,-38.9,0:00:45
2019-08-05,7,0,33,0.0,69,15.0,69,15.0,1.0197,34.1,0:00:53
2019-08-12,7,0,33,0.0,61,-11.6,61,-11.6,1.1592,13.7,0:01:08
2019-08-19,7,-1,32,-3.0,40,-34.4,40,-34.4,0.6518,-43.8,0:00:58
2019-08-26,7,0,32,0.0,46,15.0,46,15.0,0.7165,9.9,0:00:56
2019-09-02,7,0,32,0.0,39,-15.2,39,-15.2,0.6027,-15.9,0:00:55
2019-09-09,7,0,32,0.0,39,0.0,39,0.0,0.6775,12.4,0:01:02
2019-09-16,7,0,32,0.0,18,-53.8,18,-53.8,0.2302,-66.0,0:00:46
2019-09-23,7,0,32,0.0,34,88.9,34,88.9,0.5855,154.3,0:01:01
2019-09-30,7,0,32,0.0,66,94.1,66,94.1,0.9978,70.4,0:00:54
2019-10-07,7,0,32,0.0,39,-40.9,39,-40.9,0.4173,-58.2,0:00:38
2019-10-14,7,0,32,0.0,56,43.6,56,43.6,0.8162,95.6,0:00:52
2019-10-21,7,1,33,3.1,42,-25.0,42,-25.0,0.6428,-21.2,0:00:55
2019-10-28,7,1,34,3.0,86,104.8,86,104.8,1.0427,62.2,0:00:43
2019-11-04,7,1,35,2.9,91,5.8,91,5.8,1.1766,12.8,0:00:46
2019-11-11,7,1,36,2.9,67,-26.4,67,-26.4,0.6624,-43.7,0:00:35
2019-11-18,7,1,37,2.8,34,-49.3,34,-49.3,0.5356,-19.1,0:00:56
2019-11-25,7,0,37,0.0,69,102.9,69,102.9,1.1083,106.9,0:00:57
2019-12-02,7,2,39,5.4,82,18.8,82,18.8,1.5463,39.5,0:01:07
2019-12-09,7,0,39,0.0,70,-14.6,70,-14.6,0.7209,-53.4,0:00:37
2019-12-16,7,2,41,5.1,66,-5.7,66,-5.7,0.9811,36.1,0:00:53
2019-12-23,7,1,42,2.4,112,69.7,112,69.7,2.0136,105.2,0:01:04
2019-12-30,7,2,44,4.8,87,-22.3,87,-22.3,1.2676,-37.0,0:00:52
2020-01-06,7,1,45,2.3,121,39.1,121,39.1,1.5977,26.0,0:00:47
2020-01-13,7,3,48,6.7,112,-7.4,112,-7.4,1.3427,-16.0,0:00:43
2020-01-20,7,0,48,0.0,397,254.5,397,254.5,5.3633,299.4,0:00:48
2020-01-27,7,0,48,0.0,247,-37.8,247,-37.8,3.507,-34.6,0:00:51
2020-02-03,7,0,48,0.0,137,-44.5,137,-44.5,1.8466,-47.3,0:00:48
2020-02-10,7,0,48,0.0,156,13.9,156,13.9,2.6808,45.2,0:01:01
2020-02-17,7,2,50,4.2,226,44.9,226,44.9,2.8982,8.1,0:00:46
2020-02-24,7,0,50,0.0,240,6.2,240,6.2,4.0989,41.4,0:01:01
2020-03-02,7,0,50,0.0,193,-19.6,193,-19.6,3.3084,-19.3,0:01:01
2020-03-09,7,0,50,0.0,229,18.7,229,18.7,3.8379,16.0,0:01:00
2020-03-16,7,1,51,2.0,243,6.1,243,6.1,3.9402,2.7,0:00:58
2020-03-23,7,2,53,3.9,191,-21.4,191,-21.4,3.0281,-23.1,0:00:57
2020-03-30,7,0,53,0.0,245,28.3,245,28.3,3.7968,25.4,0:00:55
2020-04-06,7,3,56,5.7,189,-22.9,189,-22.9,2.8654,-24.5,0:00:54
2020-04-13,7,0,56,0.0,224,18.5,224,18.5,3.46,20.8,0:00:55
2020-04-20,7,0,56,0.0,130,-42.0,130,-42.0,2.0042,-42.1,0:00:55
2020-04-27,7,0,56,0.0,146,12.3,146,12.3,2.2128,10.4,0:00:54
2020-05-04,7,1,57,1.8,275,88.4,275,88.4,4.0565,83.3,0:00:53
2020-05-11,7,0,57,0.0,110,-60.0,110,-60.0,1.7015,-58.1,0:00:55
2020-05-18,7,1,58,1.8,90,-18.2,90,-18.2,1.3138,-22.8,0:00:52
2020-05-25,7,2,60,3.4,248,175.6,248,175.6,3.1691,141.2,0:00:46
2020-06-01,7,1,61,1.7,213,-14.1,213,-14.1,2.8062,-11.5,0:00:47
2020-06-08,7,0,61,0.0,164,-23.0,164,-23.0,2.408,-14.2,0:00:52
2020-06-15,7,0,61,0.0,104,-36.6,104,-36.6,1.3425,-44.2,0:00:46
2020-06-22,7,-1,60,-1.6,131,26.0,131,26.0,1.7615,31.2,0:00:48
2020-06-29,7,2,62,3.3,108,-17.6,108,-17.6,1.5409,-12.5,0:00:51
2020-07-06,7,-1,61,-1.6,108,0.0,108,0.0,1.4117,-8.4,0:00:47
2020-07-13,7,1,62,1.6,99,-8.3,99,-8.3,1.3322,-5.6,0:00:48
2020-07-20,7,-2,60,-3.2,158,59.6,158,59.6,1.5519,16.5,0:00:35
2020-07-27,7,1,61,1.7,106,-32.9,106,-32.9,1.2142,-21.8,0:00:41
2020-08-03,7,1,62,1.6,107,0.9,107,0.9,1.6828,38.6,0:00:56
2020-08-10,7,0,62,0.0,181,69.2,181,69.2,2.409,43.2,0:00:47
2020-08-17,7,1,63,1.6,149,-17.7,149,-17.7,2.0128,-16.4,0:00:48
2020-08-24,7,2,65,3.2,214,43.6,214,43.6,2.5431,26.3,0:00:42
2020-08-31,7,0,65,0.0,194,-9.3,194,-9.3,2.351,-7.6,0:00:43
2020-09-07,7,1,66,1.5,112,-42.3,112,-42.3,1.4641,-37.7,0:00:47
2020-09-14,7,-1,65,-1.5,74,-33.9,74,-33.9,0.971,-33.7,0:00:47
2020-09-21,7,-1,64,-1.5,129,74.3,129,74.3,1.7443,79.6,0:00:48
2020-09-28,7,0,64,0.0,86,-33.3,86,-33.3,1.3156,-24.6,0:00:55
2020-10-05,7,1,65,1.6,141,64.0,141,64.0,1.852,40.8,0:00:47
2020-10-12,7,0,65,0.0,71,-49.6,71,-49.6,0.9973,-46.2,0:00:50
2020-10-19,7,0,65,0.0,62,-12.7,62,-12.7,0.8101,-18.8,0:00:47
2020-10-26,7,0,65,0.0,80,29.0,80,29.0,1.1136,37.5,0:00:50
2020-11-02,7,1,66,1.5,51,-36.3,51,-36.3,0.8264,-25.8,0:00:58
2020-11-09,7,1,67,1.5,45,-11.8,45,-11.8,0.606,-26.7,0:00:48
2020-11-16,7,0,67,0.0,41,-8.9,41,-8.9,0.4447,-26.6,0:00:39
2020-11-23,7,0,67,0.0,51,24.4,51,24.4,0.6655,49.7,0:00:46
2020-11-30,7,-1,66,-1.5,37,-27.5,37,-27.5,0.5607,-15.7,0:00:54
2020-12-07,7,1,67,1.5,37,0.0,37,0.0,0.3858,-31.2,0:00:37
2020-12-14,7,0,67,0.0,43,16.2,43,16.2,0.5054,31.0,0:00:42
2020-12-21,7,-1,66,-1.5,52,20.9,52,20.9,0.7356,45.5,0:00:50
2020-12-28,7,1,67,1.5,24,-53.8,24,-53.8,0.3204,-56.4,0:00:48
2021-01-04,7,0,67,0.0,0,-100.0,0,-100.0,0,-100.0,
2021-01-11,7,0,67,0.0,0,,0,,0,,
2021-01-18,7,0,67,0.0,0,,0,,0,,
2021-01-25,7,1,68,1.5,0,,0,,0,,
2021-02-01,7,0,68,0.0,0,,0,,0,,
2021-02-08,7,-1,67,-1.5,0,,0,,0,,
2021-02-15,7,0,67,0.0,0,,0,,0,,
2021-02-22,7,1,68,1.5,0,,0,,0,,
2021-03-01,7,0,68,0.0,0,,0,,0,,
2021-03-08,7,-1,67,-1.5,0,,0,,0,,
2021-03-15,7,0,67,0.0,0,,0,,0,,
2021-03-22,7,1,68,1.5,0,,0,,0,,
2021-03-29,7,0,68,0.0,36,,36,,1.5336,,0:02:33
2021-04-05,7,0,68,0.0,7,-80.6,7,-80.6,0.0262,-98.3,0:00:13
2021-04-12,7,1,69,1.5,16,128.6,16,128.6,0.0798,204.6,0:00:17
2021-04-19,7,0,69,0.0,14,-12.5,14,-12.5,0.0496,-37.8,0:00:12
2021-04-26,7,-2,67,-2.9,5,-64.3,5,-64.3,0.0077,-84.5,0:00:05
2021-05-03,7,-1,66,-1.5,5,0.0,5,0.0,0.0177,129.9,0:00:12
2021-05-10,7,-1,65,-1.5,4,-20.0,4,-20.0,0.0041,-76.8,0:00:03
2021-05-17,7,-1,64,-1.5,1,-75.0,1,-75.0,0.0001,-97.6,0:00:00
2021-05-24,7,0,64,0.0,4,300.0,4,300.0,0.0085,8400.0,0:00:07
2021-05-31,7,0,64,0.0,1,-75.0,1,-75.0,0.0084,-1.2,0:00:30
2021-06-07,7,0,64,0.0,3,200.0,3,200.0,0.0159,89.3,0:00:19
2021-06-14,7,-1,63,-1.6,4,33.3,4,33.3,0.004,-74.8,0:00:03
2021-06-21,7,0,63,0.0,4,0.0,4,0.0,0.0112,180.0,0:00:10
2021-06-28,7,-1,62,-1.6,4,0.0,4,0.0,0.0166,48.2,0:00:14
2021-07-05,7,0,62,0.0,5,25.0,5,25.0,0.0276,66.3,0:00:19
2021-07-12,7,0,62,0.0,1,-80.0,1,-80.0,0.0053,-80.8,0:00:19
2021-07-19,7,0,62,0.0,5,400.0,5,400.0,0.0279,426.4,0:00:20
2021-07-26,7,0,62,0.0,6,20.0,6,20.0,0.0174,-37.6,0:00:10
2021-08-02,7,1,63,1.6,2,-66.7,2,-66.7,0.0126,-27.6,0:00:22
2021-08-09,7,1,64,1.6,5,150.0,5,150.0,0.0216,71.4,0:00:15
2021-08-16,7,-1,63,-1.6,0,-100.0,0,-100.0,0,-100.0,
2021-08-23,7,3,66,4.8,35,,35,,0.5375,,0:00:55
2021-08-30,7,0,66,0.0,16,-54.3,16,-54.3,0.2486,-53.7,0:00:55
2021-09-06,7,-1,65,-1.5,17,6.3,17,6.3,0.248,-0.2,0:00:52
2021-09-13,7,0,65,0.0,9,-47.1,9,-47.1,0.0534,-78.5,0:00:21
2021-09-20,7,1,66,1.5,11,22.2,11,22.2,0.2637,393.8,0:01:26
2021-09-27,7,1,67,1.5,11,0.0,11,0.0,0.0604,-77.1,0:00:19
2021-10-04,7,2,69,3.0,7,-36.4,7,-36.4,0.0254,-57.9,0:00:13
2021-10-11,7,0,69,0.0,8,14.3,8,14.3,0.0221,-13.0,0:00:09
2021-10-18,7,0,69,0.0,12,50.0,12,50.0,0.0374,69.2,0:00:11
2021-10-25,7,-1,68,-1.4,11,-8.3,11,-8.3,0.0309,-17.4,0:00:10
2021-11-01,7,0,68,0.0,5,-54.5,5,-54.5,0.0104,-66.3,0:00:07
2021-11-08,7,0,68,0.0,4,-20.0,4,-20.0,0.0142,36.5,0:00:12
2021-11-15,7,0,68,0.0,7,75.0,7,75.0,0.0694,388.7,0:00:35
2021-11-22,7,0,68,0.0,7,0.0,7,0.0,0.0383,-44.8,0:00:19
2021-11-29,7,0,68,0.0,44,528.6,44,528.6,0.9268,2319.8,0:01:15
2021-12-06,7,0,68,0.0,23,-47.7,23,-47.7,0.1458,-84.3,0:00:22
2021-12-13,7,0,68,0.0,14,-39.1,14,-39.1,0.1719,17.9,0:00:44
2021-12-20,7,0,68,0.0,29,107.1,29,107.1,1.1134,547.7,0:02:18
2021-12-27,7,0,68,0.0,14,-51.7,14,-51.7,1.3875,24.6,0:05:56
2022-01-03,7,-1,67,-1.5,14,0.0,14,0.0,0.0223,-98.4,0:00:05
2022-01-10,7,0,67,0.0,13,-7.1,13,-7.1,0.1988,791.5,0:00:55
2022-01-17,7,-2,65,-3.0,17,30.8,17,30.8,0.0807,-59.4,0:00:17
2022-01-24,7,-1,64,-1.5,9,-47.1,9,-47.1,0.1085,34.4,0:00:43
2022-01-31,7,-1,63,-1.6,6,-33.3,6,-33.3,0.184,69.6,0:01:50
2022-02-07,7,0,63,0.0,46,666.7,46,666.7,1.3979,659.7,0:01:49
2022-02-14,7,1,64,1.6,30,-34.8,30,-34.8,0.4325,-69.1,0:00:51
2022-02-21,7,1,65,1.6,19,-36.7,19,-36.7,0.1572,-63.7,0:00:29
2022-02-28,7,0,65,0.0,15,-21.1,15,-21.1,0.0723,-54.0,0:00:17
2022-03-07,7,0,65,0.0,13,-13.3,13,-13.3,0.1716,137.3,0:00:47
2022-03-14,7,0,65,0.0,3,-76.9,3,-76.9,0.2947,71.7,0:05:53
2022-03-21,7,0,65,0.0,0,-100.0,0,-100.0,0,-100.0,
2022-03-28,7,0,65,0.0,7,,7,,0.4232,,0:03:37
2022-04-04,7,0,65,0.0,5,-28.6,5,-28.6,0.0411,-90.3,0:00:29
2022-04-11,7,0,65,0.0,15,200.0,15,200.0,0.2078,405.6,0:00:49
2022-04-18,7,0,65,0.0,36,140.0,36,140.0,1.9457,836.3,0:03:14
2022-04-25,7,0,65,0.0,12,-66.7,12,-66.7,0.5943,-69.5,0:02:58
2022-05-02,7,0,65,0.0,9,-25.0,9,-25.0,0.4692,-21.0,0:03:07
2022-05-09,7,1,66,1.5,6,-33.3,6,-33.3,0.1112,-76.3,0:01:06
2022-05-16,7,0,66,0.0,17,183.3,17,183.3,0.3156,183.8,0:01:06
2022-05-23,7,0,66,0.0,4,-76.5,4,-76.5,0.1035,-67.2,0:01:33
2022-05-30,7,0,66,0.0,8,100.0,8,100.0,0.056,-45.9,0:00:25
2022-06-06,7,-1,65,-1.5,7,-12.5,7,-12.5,0.2967,429.8,0:02:32
2022-06-13,7,0,65,0.0,40,471.4,40,471.4,0.5417,82.6,0:00:48
2022-06-20,7,0,65,0.0,14,-65.0,14,-65.0,0.0798,-85.3,0:00:20
2022-06-27,7,-1,64,-1.5,19,35.7,19,35.7,0.1386,73.7,0:00:26
2022-07-04,7,0,64,0.0,11,-42.1,11,-42.1,0.1025,-26.0,0:00:33
2022-07-11,7,0,64,0.0,15,36.4,15,36.4,0.2598,153.5,0:01:02
2022-07-18,7,0,64,0.0,13,-13.3,13,-13.3,0.2301,-11.4,0:01:03
2022-07-25,7,0,64,0.0,3,-76.9,3,-76.9,0.131,-43.1,0:02:37
2022-08-01,7,0,64,0.0,33,1000.0,33,1000.0,1.2652,865.8,0:02:18
2022-08-08,7,0,64,0.0,29,-12.1,29,-12.1,0.2092,-83.5,0:00:25
2022-08-15,7,-1,63,-1.6,67,131.0,67,131.0,1.4144,576.1,0:01:15
2022-08-22,7,0,63,0.0,14,-79.1,14,-79.1,0.2983,-78.9,0:01:16
2022-08-29,7,-1,62,-1.6,15,7.1,15,7.1,0.2743,-8.0,0:01:05
2022-09-05,7,0,62,0.0,14,-6.7,14,-6.7,0.0637,-76.8,0:00:16
2022-09-12,7,0,62,0.0,5,-64.3,5,-64.3,0.0149,-76.6,0:00:10
2022-09-19,7,0,62,0.0,4,-20.0,4,-20.0,0.0666,347.0,0:00:59
2022-09-26,7,-1,61,-1.6,2,-50.0,2,-50.0,0.0445,-33.2,0:01:20
2022-10-03,7,1,62,1.6,4,100.0,4,100.0,0.0198,-55.5,0:00:17
2022-10-10,7,0,62,0.0,3,-25.0,3,-25.0,0.0114,-42.4,0:00:13
2022-10-17,7,0,62,0.0,9,200.0,9,200.0,0.0824,622.8,0:00:32
2022-10-24,7,-1,61,-1.6,9,0.0,9,0.0,0.3251,294.5,0:02:10
2022-10-31,7,0,61,0.0,4,-55.6,4,-55.6,0.046,-85.9,0:00:41
2022-11-07,7,0,61,0.0,9,125.0,9,125.0,0.0797,73.3,0:00:31
2022-11-14,7,0,61,0.0,5,-44.4,5,-44.4,0.0325,-59.2,0:00:23
2022-11-21,7,0,61,0.0,3,-40.0,3,-40.0,0.0173,-46.8,0:00:20
2022-11-28,7,1,62,1.6,35,1066.7,35,1066.7,0.2924,1590.2,0:00:30
2022-12-05,7,0,62,0.0,1,-97.1,1,-97.1,0.0006,-99.8,0:00:02
2022-12-12,7,0,62,0.0,6,500.0,6,500.0,0.0171,2750.0,0:00:10
2022-12-19,7,0,62,0.0,6,0.0,6,0.0,0.0471,175.4,0:00:28
2022-12-26,7,0,62,0.0,5,-16.7,5,-16.7,0.0779,65.4,0:00:56
2023-01-02,7,0,62,0.0,5,0.0,5,0.0,0.0938,20.4,0:01:07
2023-01-09,7,0,62,0.0,10,100.0,10,100.0,0.1339,42.8,0:00:48
2023-01-16,7,0,62,0.0,4,-60.0,4,-60.0,0.048,-64.2,0:00:43
2023-01-23,7,0,62,0.0,5,25.0,5,25.0,0.0417,-13.1,0:00:30
2023-01-30,7,0,62,0.0,10,100.0,10,100.0,0.0305,-26.9,0:00:10
2023-02-06,7,-1,61,-1.6,1,-90.0,1,-90.0,0.0646,111.8,0:03:52
2023-02-13,7,0,61,0.0,0,-100.0,0,-100.0,0,-100.0,
2023-02-20,7,0,61,0.0,10,,10,,0.0511,,0:00:18
2023-02-27,7,0,61,0.0,17,70.0,17,70.0,0.0655,28.2,0:00:13
2023-03-06,7,0,61,0.0,24,41.2,24,41.2,0.0755,15.3,0:00:11
2023-03-13,7,0,61,0.0,35,45.8,35,45.8,0.7129,844.2,0:01:13
2023-03-20,7,0,61,0.0,8,-77.1,8,-77.1,0.5032,-29.4,0:03:46
2023-03-27,7,0,61,0.0,0,-100.0,0,-100.0,0,-100.0,
2023-04-03,7,0,61,0.0,4,,4,,0.0172,,0:00:15
2023-04-10,7,0,61,0.0,4,0.0,4,0.0,0.0752,337.2,0:01:07
2023-04-17,7,0,61,0.0,1,-75.0,1,-75.0,0.0019,-97.5,0:00:06
2023-04-24,7,0,61,0.0,4,300.0,4,300.0,0.1238,6415.8,0:01:51
2023-05-01,7,0,61,0.0,1,-75.0,1,-75.0,0.0014,-98.9,0:00:05
2023-05-08,7,-2,59,-3.3,4,300.0,4,300.0,0.0615,4292.9,0:00:55
2023-05-15,7,0,59,0.0,1,-75.0,1,-75.0,0.0447,-27.3,0:02:40
2023-05-22,7,0,59,0.0,2,100.0,2,100.0,0.0061,-86.4,0:00:10
2023-05-29,7,2,61,3.4,32,1500.0,32,1500.0,0.306,4916.4,0:00:34
2023-06-05,7,0,61,0.0,6,-81.3,6,-81.3,0.0389,-87.3,0:00:23
2023-06-12,7,0,61,0.0,2,-66.7,2,-66.7,0.0105,-73.0,0:00:18
2023-06-19,7,0,61,0.0,6,200.0,6,200.0,0.0915,771.4,0:00:54
2023-06-26,7,0,61,0.0,2,-66.7,2,-66.7,0.0671,-26.7,0:02:00
2023-07-03,7,-1,60,-1.6,22,1000.0,22,1000.0,0.4762,609.7,0:01:17
2023-07-10,7,6,66,10.0,1653,7413.6,1653,7413.6,32.5764,6740.9,0:01:10
2023-07-17,7,52,118,78.8,11480,594.5,11480,594.5,344.4679,957.4,0:01:48
2023-07-24,7,57,175,48.3,13844,20.6,13844,20.6,479.0925,39.1,0:02:04
2023-07-31,7,98,273,56.0,21006,51.7,21006,51.7,853.5877,78.2,0:02:26
2023-08-07,7,95,368,34.8,21662,3.1,21662,3.1,896.5564,5.0,0:02:28
2023-08-14,7,41,409,11.1,8281,-61.8,8281,-61.8,361.3112,-59.7,0:02:37
2023-08-21,7,32,441,7.8,6430,-22.4,6430,-22.4,270.796,-25.1,0:02:31
2023-08-28,7,37,478,8.4,5589,-13.1,5589,-13.1,232.4224,-14.2,0:02:29
2023-09-04,7,33,511,6.9,5722,2.4,5722,2.4,247.2275,6.4,0:02:35
2023-09-11,7,17,528,3.3,4082,-28.7,4082,-28.7,205.7679,-16.8,0:03:01
2023-09-18,7,6,534,1.1,2667,-34.7,2667,-34.7,144.9572,-29.6,0:03:15
2023-09-25,7,6,540,1.1,1549,-41.9,1549,-41.9,107.2563,-26.0,0:04:09
2023-10-02,7,0,540,0.0,1323,-14.6,1323,-14.6,94.9101,-11.5,0:04:18
2023-10-09,7,1,541,0.2,2587,95.5,2587,95.5,92.065,-3.0,0:02:08
2023-10-16,7,2,543,0.4,1130,-56.3,1130,-56.3,55.7536,-39.4,0:02:57
2023-10-23,7,3,546,0.6,1108,-1.9,1108,-1.9,49.0622,-12.0,0:02:39
2023-10-30,7,1,547,0.2,925,-16.5,925,-16.5,48.4627,-1.2,0:03:08
2023-11-06,7,2,549,0.4,761,-17.7,761,-17.7,39.4669,-18.6,0:03:06
2023-11-13,7,1,550,0.2,685,-10.0,685,-10.0,35.3713,-10.4,0:03:05
2023-11-20,7,3,553,0.5,994,45.1,994,45.1,42.2208,19.4,0:02:32
2023-11-27,7,0,553,0.0,785,-21.0,785,-21.0,34.8756,-17.4,0:02:39
2023-12-04,7,0,553,0.0,474,-39.6,474,-39.6,25.2177,-27.7,0:03:11
2023-12-11,7,0,553,0.0,449,-5.3,449,-5.3,26.0151,3.2,0:03:28
2023-12-18,7,0,553,0.0,628,39.9,628,39.9,33.793,29.9,0:03:13
2023-12-25,7,-1,552,-0.2,423,-32.6,423,-32.6,21.1051,-37.5,0:02:59
2024-01-01,7,0,552,0.0,388,-8.3,388,-8.3,19.5022,-7.6,0:03:00
2024-01-08,7,1,553,0.2,397,2.3,397,2.3,24.6103,26.2,0:03:43
2024-01-15,7,1,554,0.2,413,4.0,413,4.0,22.038,-10.5,0:03:12
2024-01-22,7,0,554,0.0,423,2.4,423,2.4,18.9127,-14.2,0:02:40
2024-01-29,7,0,554,0.0,456,7.8,456,7.8,35.3967,87.2,0:04:39
2024-02-05,7,-1,553,-0.2,556,21.9,556,21.9,26.9918,-23.7,0:02:54
2024-02-12,7,0,553,0.0,1091,96.2,1091,96.2,20.5181,-24.0,0:01:07
2024-02-19,7,1,554,0.2,463,-57.6,463,-57.6,26.8568,30.9,0:03:28
2024-02-26,7,1,555,0.2,427,-7.8,427,-7.8,22.6015,-15.8,0:03:10
2024-03-04,7,1,556,0.2,307,-28.1,307,-28.1,17.8474,-21.0,0:03:29
2024-03-11,7,-1,555,-0.2,359,16.9,359,16.9,15.9186,-10.8,0:02:39
2024-03-18,7,0,555,0.0,386,7.5,386,7.5,22.0206,38.3,0:03:25
2024-03-25,7,0,555,0.0,280,-27.5,280,-27.5,14.1436,-35.8,0:03:01
2024-04-01,7,-1,554,-0.2,215,-23.2,215,-23.2,10.9891,-22.3,0:03:04
2024-04-08,7,-1,553,-0.2,238,10.7,238,10.7,10.7539,-2.1,0:02:42
2024-04-15,7,4,557,0.7,2603,993.7,2603,993.7,37.514,248.8,0:00:51
2024-04-22,7,6,563,1.1,1690,-35.1,1690,-35.1,44.504,18.6,0:01:34
2024-04-29,7,2,565,0.4,1584,-6.3,1584,-6.3,55.8987,25.6,0:02:07
2024-05-06,7,1,566,0.2,818,-48.4,818,-48.4,43.8352,-21.6,0:03:12
2024-05-13,7,1,567,0.2,733,-10.4,733,-10.4,45.8066,4.5,0:03:44
2024-05-20,7,1,568,0.2,887,21.0,887,21.0,31.8995,-30.4,0:02:09
2024-05-27,7,2,570,0.4,458,-48.4,458,-48.4,27.384,-14.2,0:03:35
2024-06-03,7,1,571,0.2,496,8.3,496,8.3,28.3193,3.4,0:03:25
2024-06-10,7,0,571,0.0,473,-4.6,473,-4.6,27.6087,-2.5,0:03:30
2024-06-17,7,0,571,0.0,475,0.4,475,0.4,26.2754,-4.8,0:03:19
2024-06-24,7,-1,570,-0.2,334,-29.7,334,-29.7,15.3705,-41.5,0:02:45
2024-07-01,7,1,571,0.2,625,87.1,625,87.1,24.7119,60.8,0:02:22
2024-07-08,7,-1,570,-0.2,394,-37.0,394,-37.0,24.1033,-2.5,0:03:40
2024-07-15,7,1,571,0.2,402,2.0,402,2.0,19.1888,-20.4,0:02:51
2024-07-22,7,0,571,0.0,338,-15.9,338,-15.9,15.1246,-21.2,0:02:41
2024-07-29,7,-1,570,-0.2,1168,245.6,1168,245.6,24.9019,64.6,0:01:16
2024-08-05,7,1,571,0.2,341,-70.8,341,-70.8,21.2161,-14.8,0:03:43
2024-08-12,7,1,572,0.2,287,-15.8,287,-15.8,14.1055,-33.5,0:02:56
2024-08-19,7,1,573,0.2,268,-6.6,268,-6.6,12.4895,-11.5,0:02:47
2024-08-26,7,2,575,0.3,262,-2.2,262,-2.2,12.2939,-1.6,0:02:48
2024-09-02,7,1,576,0.2,327,24.8,327,24.8,17.0206,38.4,0:03:07
2024-09-09,7,1,577,0.2,329,0.6,329,0.6,14.4721,-15.0,0:02:38
2024-09-16,7,1,578,0.2,254,-22.8,254,-22.8,12.6131,-12.8,0:02:58
2024-09-23,7,0,578,0.0,273,7.5,273,7.5,14.9091,18.2,0:03:16
2024-09-30,7,0,578,0.0,349,27.8,349,27.8,16.5063,10.7,0:02:50
2024-10-07,7,0,578,0.0,334,-4.3,334,-4.3,18.4438,11.7,0:03:18
2024-10-14,7,1,579,0.2,429,28.4,429,28.4,20.1592,9.3,0:02:49
2024-10-21,7,1,580,0.2,809,88.6,809,88.6,37.0558,83.8,0:02:44
2024-10-28,7,-1,579,-0.2,550,-32.0,550,-32.0,31.3339,-15.4,0:03:25
2024-11-04,7,0,579,0.0,438,-20.4,438,-20.4,24.1101,-23.1,0:03:18
2024-11-11,7,1,580,0.2,557,27.2,557,27.2,28.6783,18.9,0:03:05
2024-11-18,7,0,580,0.0,621,11.5,621,11.5,33.098,15.4,0:03:11
2024-11-25,7,2,582,0.3,651,4.8,651,4.8,31.5067,-4.8,0:02:54
2024-12-02,7,1,583,0.2,1341,106.0,1341,106.0,21.9641,-30.3,0:00:58
2024-12-09,7,0,583,0.0,545,-59.4,545,-59.4,28.2581,28.7,0:03:06
2024-12-16,7,3,586,0.5,619,13.6,619,13.6,39.1996,38.7,0:03:47
2024-12-23,7,1,587,0.2,653,5.5,653,5.5,39.8043,1.5,0:03:39
2024-12-30,7,3,590,0.5,700,7.2,700,7.2,47.4675,19.3,0:04:04
2025-01-06,7,4,594,0.7,623,-11.0,623,-11.0,39.472,-16.8,0:03:48
2025-01-13,7,1,595,0.2,716,14.9,716,14.9,45.2441,14.6,0:03:47
2025-01-20,7,1,596,0.2,907,26.7,907,26.7,46.2948,2.3,0:03:03
2025-01-27,7,4,600,0.7,734,-19.1,734,-19.1,42.0208,-9.2,0:03:26
2025-02-03,7,-1,599,-0.2,1039,41.6,1039,41.6,64.4335,53.3,0:03:43
2025-02-10,7,3,602,0.5,1665,60.3,1665,60.3,73.683,14.4,0:02:39
2025-02-17,7,2,604,0.3,1078,-35.3,1078,-35.3,70.0035,-5.0,0:03:53
2025-02-24,7,2,606,0.3,1343,24.6,1343,24.6,50.0952,-28.4,0:02:14
2025-03-03,7,5,611,0.8,650,-51.6,650,-51.6,39.3767,-21.4,0:03:38
2025-03-10,7,2,613,0.3,738,13.5,738,13.5,44.8355,13.9,0:03:38
2025-03-17,7,3,616,0.5,718,-2.7,718,-2.7,41.0823,-8.4,0:03:25
2025-03-24,7,1,617,0.2,743,3.5,743,3.5,48.8183,18.8,0:03:56
2025-03-31,7,1,618,0.2,673,-9.4,676,-9.0,53.3269,9.2,0:04:45
2025-04-07,7,1,619,0.2,555,-17.5,557,-17.6,35.9787,-32.5,0:03:53
2025-04-14,7,1,620,0.2,617,11.2,618,11.0,43.5004,20.9,0:04:13
2025-04-21,7,0,620,0.0,689,11.7,697,12.8,45.091,3.7,0:03:55
2025-04-28,7,1,621,0.2,852,23.7,1206,73.0,46.5547,3.2,0:03:16
2025-05-05,7,1,622,0.2,632,-25.8,639,-47.0,37.7012,-19.0,0:03:34
2025-05-12,7,0,622,0.0,436,-31.0,437,-31.6,26.048,-30.9,0:03:35
2025-05-19,7,1,623,0.2,413,-5.3,417,-4.6,23.8136,-8.6,0:03:27
2025-05-26,7,0,623,0.0,402,-2.7,402,-3.6,23.71,-0.4,0:03:32
2025-06-02,7,2,625,0.3,482,19.9,485,20.6,29.4424,24.2,0:03:39
2025-06-09,7,0,625,0.0,452,-6.2,455,-6.2,28.8879,-1.9,0:03:50
2025-06-16,7,0,625,0.0,375,-17.0,376,-17.4,24.0201,-16.9,0:03:50
2025-06-23,7,0,625,0.0,333,-11.2,336,-10.6,15.4534,-35.7,0:02:47
2025-06-30,7,19,644,3.0,22589,6683.5,51228,15146.4,145.7777,843.3,0:00:23
2025-07-07,7,1,645,0.2,1341,-94.1,1680,-96.7,36.7757,-74.8,0:01:38
2025-07-14,7,1,646,0.2,333,-75.2,359,-78.6,17.0598,-53.6,0:03:04
2025-07-21,7,0,646,0.0,325,-2.4,332,-7.5,15.1392,-11.3,0:02:47
2025-07-28,7,3,649,0.5,343,5.5,351,5.7,15.8221,4.5,0:02:46
2025-08-04,7,1,650,0.2,353,2.9,363,3.4,17.64,11.5,0:02:59
2025-08-11,7,1,651,0.2,333,-5.7,348,-4.1,14.1057,-20.0,0:02:32
2025-08-18,7,0,651,0.0,389,16.8,402,15.5,15.1914,7.7,0:02:20
2025-08-25,7,1,652,0.2,264,-32.1,265,-34.1,11.4286,-24.8,0:02:35
2025-09-01,7,0,652,0.0,301,14.0,313,18.1,12.6948,11.1,0:02:31
2025-09-08,7,2,654,0.3,259,-14.0,264,-15.7,10.0695,-20.7,0:02:19
2025-09-15,7,1,655,0.2,539,108.1,542,105.3,17.1584,70.4,0:01:54
2025-09-22,7,5,660,0.8,3571,562.5,6980,1187.8,27.3256,59.3,0:00:27
2025-09-29,7,103,763,15.6,8504,138.1,14990,114.8,93.1759,241.0,0:00:39
2025-10-06,7,-1,762,-0.1,491,-94.2,747,-95.0,17.6417,-81.1,0:02:09
2025-10-13,7,-2,760,-0.3,436,-11.2,508,-32.0,16.0151,-9.2,0:02:12
2025-10-20,7,0,760,0.0,544,24.8,895,76.2,16.2798,1.7,0:01:47
2025-10-27,7,-1,759,-0.1,321,-41.0,362,-59.6,15.6981,-3.6,0:02:56
2025-11-03,7,0,759,0.0,295,-8.1,326,-9.9,13.8446,-11.8,0:02:48
2025-11-10,7,2,761,0.3,865,193.2,2096,542.9,18.9917,37.2,0:01:19
2025-11-17,7,7,768,0.9,4299,397.0,8356,298.7,34.553,81.9,0:00:28
2025-11-24,7,1,769,0.1,1269,-70.5,2170,-74.0,22.5956,-34.6,0:01:04
2025-12-01,7,-1,768,-0.1,318,-74.9,410,-81.1,14.568,-35.5,0:02:44
2025-12-08,7,1,769,0.1,1360,327.7,2574,527.8,19.7298,35.4,0:00:52
2025-12-15,7,0,769,0.0,1482,9.0,2419,-6.0,25.6233,29.9,0:01:02
2025-12-22,7,0,769,0.0,3056,106.2,6160,154.7,19.7747,-22.8,0:00:23
2025-12-29,7,7,776,0.9,13881,354.2,29405,377.4,53.7433,171.8,0:00:13
2026-01-05,7,-1,775,-0.1,320,-97.7,407,-98.6,14.2983,-73.4,0:02:40
2026-01-12,7,-1,774,-0.1,401,25.3,517,27.0,22.0897,54.5,0:03:18
2026-01-19,7,1,775,0.1,1837,358.1,2981,476.6,79.0143,257.7,0:02:34
2026-01-26,7,15,790,1.9,1378,-25.0,1718,-42.4,55.6481,-29.6,0:02:25
2026-02-02,7,0,790,0.0,1293,-6.2,1669,-2.9,50.0143,-10.1,0:02:19
2026-02-09,7,1,791,0.1,770,-40.4,901,-46.0,30.6034,-38.8,0:02:23
2026-02-16,7,0,791,0.0,339,-56.0,392,-56.5,17.3672,-43.3,0:03:04
2026-02-23,7,-1,790,-0.1,332,-2.1,396,1.0,17.5786,1.2,0:03:10
2026-03-02,7,1,791,0.1,364,9.6,442,11.6,18.6316,6.0,0:03:04
2026-03-09,7,0,791,0.0,835,129.4,1092,147.1,30.4463,63.4,0:02:11
2026-03-16,7,0,791,0.0,727,-12.9,966,-11.5,24.0968,-20.9,0:01:59
2026-03-23,7,-1,790,-0.1,513,-29.4,632,-34.6,26.8451,11.4,0:03:08
2026-03-30,7,2,792,0.3,399,-22.2,495,-21.7,23.5455,-12.3,0:03:32
2026-04-06,7,-1,791,-0.1,471,18.0,555,12.1,27.1512,15.3,0:03:27
2026-04-13,7,0,791,0.0,469,-0.4,592,6.7,21.9206,-19.3,0:02:48
2026-04-20,7,92,883,11.6,976,108.1,1098,85.5,26.0702,18.9,0:01:36
2026-04-27,7,173,1056,19.6,1512,54.9,1668,51.9,28.6693,10.0,0:01:08
2026-05-04,7,62,1118,5.9,820,-45.8,937,-43.8,24.049,-16.1,0:01:45
2026-05-11,7,170,1288,15.2,1930,135.4,2787,197.4,27.6356,14.9,0:00:51
2026-05-18,7,184,1472,14.3,1287,-33.3,1397,-49.9,25.6375,-7.2,0:01:11
2026-05-25,7,171,1643,11.6,1259,-2.2,1357,-2.9,21.8946,-14.6,0:01:02
2026-06-01,7,170,1813,10.3,1340,6.4,1433,5.6,25.5489,16.7,0:01:08
2026-06-08,7,11,1824,0.6,1070,-20.1,2203,53.7,19.3586,-24.2,0:01:05
2026-06-15,7,-5,1819,-0.3,1270,18.7,2737,24.2,20.5319,6.1,0:00:58
2026-06-22,7,-5,1814,-0.3,514,-59.5,622,-77.3,18.4159,-10.3,0:02:08
2026-06-29,7,-1,1813,-0.1,997,94.0,2039,227.8,20.7942,12.9,0:01:15
2026-07-06,7,163,1976,9.0,1110,11.3,1199,-41.2,22.2072,6.8,0:01:12
2026-07-13,7,462,2438,23.4,2483,123.7,2548,112.5,35.7771,61.1,0:00:51
2026-07-20,7,173,2611,7.1,1166,-53.0,1274,-50.0,23.5216,-34.3,0:01:12
2026-07-27,7,141,2752,5.4,947,-18.8,1022,-19.8,21.7182,-7.7,0:01:22
2026-08-03,7,227,2979,8.2,1554,64.1,1653,61.7,26.062,20.0,0:01:00
2026-08-10,7,216,3195,7.3,1357,-12.7,1422,-14.0,24.1993,-7.1,0:01:04
2026-08-17,7,-3,3192,-0.1,396,-70.8,445,-68.7,15.2958,-36.8,0:02:19
2026-08-24,7,-2,3190,-0.1,374,-5.6,518,16.4,14.6249,-4.4,0:02:20
2026-08-31,7,-4,3186,-0.1,570,52.4,993,91.7,15.1942,3.9,0:01:35
2026-09-07,7,-1,3185,0.0,476,-16.5,794,-20.0,13.0243,-14.3,0:01:38
2026-09-14,7,18,3203,0.6,532,11.8,773,-2.6,16.9746,30.3,0:01:54
2026-09-21,7,184,3387,5.7,1495,181.0,1701,120.1,24.7513,45.8,0:00:59
