날짜,구독자,유효 조회수,조회수,시청 시간(단위: 시간),평균 시청 지속 시간
2023-11-26,1,125,125,6.1997,0:02:58
2023-11-27,0,123,123,6.9155,0:03:22
2023-11-28,0,83,83,3.7406,0:02:42
2023-11-29,0,207,207,6.1915,0:01:47
2023-11-30,0,137,137,5.8644,0:02:34
2023-12-01,0,95,95,4.6938,0:02:57
2023-12-02,0,74,74,3.308,0:02:40
2023-12-03,0,66,66,4.1618,0:03:47
2023-12-04,0,72,72,4.0008,0:03:20
2023-12-05,0,81,81,4.4912,0:03:19
2023-12-06,0,60,60,2.9947,0:02:59
2023-12-07,0,79,79,3.8235,0:02:54
2023-12-08,0,58,58,3.5353,0:03:39
2023-12-09,0,69,69,3.6541,0:03:10
2023-12-10,0,55,55,2.7181,0:02:57
2023-12-11,0,62,62,3.4892,0:03:22
2023-12-12,0,56,56,3.4516,0:03:41
2023-12-13,0,57,57,3.9302,0:04:08
2023-12-14,0,66,66,2.5546,0:02:19
2023-12-15,0,77,77,5.3461,0:04:09
2023-12-16,0,74,74,4.3205,0:03:30
2023-12-17,0,57,57,2.9229,0:03:04
2023-12-18,0,48,48,2.8853,0:03:36
2023-12-19,0,53,53,3.0291,0:03:25
2023-12-20,0,57,57,2.8963,0:03:02
2023-12-21,0,100,100,5.9759,0:03:35
2023-12-22,0,129,129,7.7892,0:03:37
2023-12-23,0,152,152,6.8967,0:02:43
2023-12-24,0,89,89,4.3205,0:02:54
2023-12-25,0,35,35,1.9767,0:03:23
2023-12-26,0,49,49,2.3604,0:02:53
2023-12-27,0,55,55,2.8303,0:03:05
2023-12-28,0,60,60,2.3815,0:02:22
2023-12-29,-1,76,76,3.1242,0:02:27
2023-12-30,0,82,82,4.3123,0:03:09
2023-12-31,0,66,66,4.1197,0:03:44
2024-01-01,-1,44,44,2.3913,0:03:15
2024-01-02,0,48,48,1.4284,0:01:47
2024-01-03,1,50,50,2.8557,0:03:25
2024-01-04,0,53,53,3.1183,0:03:31
2024-01-05,0,75,75,3.4119,0:02:43
2024-01-06,0,61,61,3.1012,0:03:03
2024-01-07,0,57,57,3.1954,0:03:21
2024-01-08,0,47,47,2.2692,0:02:53
2024-01-09,1,59,59,5.1877,0:05:16
2024-01-10,0,35,35,2.074,0:03:33
2024-01-11,0,40,40,3.4063,0:05:06
2024-01-12,0,73,73,3.7865,0:03:06
2024-01-13,0,77,77,3.3276,0:02:35
2024-01-14,0,66,66,4.559,0:04:08
2024-01-15,0,46,46,3.0543,0:03:59
2024-01-16,0,53,53,3.226,0:03:39
2024-01-17,0,47,47,3.014,0:03:50
2024-01-18,1,74,74,3.1598,0:02:33
2024-01-19,0,56,56,4.9613,0:05:18
2024-01-20,1,95,95,2.5945,0:01:38
2024-01-21,-1,42,42,2.0281,0:02:53
2024-01-22,0,77,77,2.2657,0:01:45
2024-01-23,0,56,56,2.4307,0:02:36
2024-01-24,0,49,49,2.6248,0:03:12
2024-01-25,0,62,62,2.4958,0:02:24
2024-01-26,0,56,56,3.1677,0:03:23
2024-01-27,0,75,75,3.3606,0:02:41
2024-01-28,0,48,48,2.5674,0:03:12
2024-01-29,0,60,60,10.2722,0:10:16
2024-01-30,0,36,36,1.8345,0:03:03
2024-01-31,0,60,60,7.386,0:07:23
2024-02-01,0,78,78,5.6702,0:04:21
2024-02-02,0,86,86,4.8588,0:03:23
2024-02-03,0,58,58,2.4992,0:02:35
2024-02-04,0,78,78,2.8758,0:02:12
2024-02-05,0,121,121,4.8772,0:02:25
2024-02-06,0,88,88,4.8447,0:03:18
2024-02-07,0,80,80,4.4411,0:03:19
2024-02-08,0,69,69,2.9426,0:02:33
2024-02-09,0,74,74,2.7913,0:02:15
2024-02-10,-1,66,66,4.4354,0:04:01
2024-02-11,0,58,58,2.6595,0:02:45
2024-02-12,1,67,67,2.6802,0:02:24
2024-02-13,0,40,40,1.0394,0:01:33
2024-02-14,0,45,45,2.6383,0:03:31
2024-02-15,0,751,751,6.0719,0:00:29
2024-02-16,0,77,77,2.8252,0:02:12
2024-02-17,-1,57,57,2.4785,0:02:36
2024-02-18,0,54,54,2.7846,0:03:05
2024-02-19,-1,47,47,2.7472,0:03:30
2024-02-20,0,70,70,3.7241,0:03:11
2024-02-21,1,68,68,4.6464,0:04:05
2024-02-22,0,97,97,6.4923,0:04:00
2024-02-23,0,65,65,3.1766,0:02:55
2024-02-24,0,42,42,2.1985,0:03:08
2024-02-25,1,74,74,3.8717,0:03:08
2024-02-26,0,50,50,2.0856,0:02:30
2024-02-27,0,49,49,2.3447,0:02:52
2024-02-28,0,48,48,2.9228,0:03:39
2024-02-29,0,102,102,5.2383,0:03:04
2024-03-01,0,73,73,4.1334,0:03:23
2024-03-02,0,43,43,2.5091,0:03:30
2024-03-03,1,62,62,3.3676,0:03:15
2024-03-04,0,46,46,2.1281,0:02:46
2024-03-05,0,51,51,3.4744,0:04:05
2024-03-06,0,52,52,4.5098,0:05:12
2024-03-07,0,25,25,1.2257,0:02:56
2024-03-08,0,43,43,2.2144,0:03:05
2024-03-09,0,46,46,2.1802,0:02:50
2024-03-10,1,44,44,2.1148,0:02:53
2024-03-11,0,35,35,2.3732,0:04:04
2024-03-12,0,36,36,1.0091,0:01:40
2024-03-13,-1,40,40,1.6179,0:02:25
2024-03-14,0,44,44,1.7667,0:02:24
2024-03-15,0,90,90,2.6477,0:01:45
2024-03-16,0,71,71,4.0586,0:03:25
2024-03-17,0,43,43,2.4454,0:03:24
2024-03-18,0,41,41,2.0627,0:03:01
2024-03-19,0,72,72,3.6566,0:03:02
2024-03-20,0,91,91,6.5555,0:04:19
2024-03-21,0,59,59,2.9582,0:03:00
2024-03-22,0,39,39,3.1684,0:04:52
2024-03-23,0,37,37,1.3705,0:02:13
2024-03-24,0,47,47,2.2487,0:02:52
2024-03-25,0,53,53,2.6944,0:03:03
2024-03-26,1,38,38,1.7727,0:02:47
2024-03-27,-1,43,43,2.2088,0:03:04
2024-03-28,0,43,43,2.5656,0:03:34
2024-03-29,0,38,38,1.6639,0:02:37
2024-03-30,0,30,30,1.1284,0:02:15
2024-03-31,0,35,35,2.1098,0:03:37
2024-04-01,0,29,29,1.4644,0:03:01
2024-04-02,0,22,22,0.8846,0:02:24
2024-04-03,0,27,27,1.3957,0:03:06
2024-04-04,0,39,39,2.3688,0:03:38
2024-04-05,-1,32,32,1.6762,0:03:08
2024-04-06,0,31,31,1.6982,0:03:17
2024-04-07,0,35,35,1.5012,0:02:34
2024-04-08,0,17,17,1.0105,0:03:33
2024-04-09,-1,41,41,1.7052,0:02:29
2024-04-10,0,26,26,0.7236,0:01:40
2024-04-11,-1,37,37,1.7113,0:02:46
2024-04-12,0,34,34,1.3415,0:02:22
2024-04-13,1,48,48,2.5863,0:03:13
2024-04-14,0,35,35,1.6755,0:02:52
2024-04-15,0,37,37,2.1423,0:03:28
2024-04-16,0,31,31,2.8459,0:05:30
2024-04-17,2,985,985,6.1667,0:00:22
2024-04-18,0,72,72,3.6018,0:03:00
2024-04-19,0,800,800,8.5139,0:00:38
2024-04-20,2,544,544,7.5557,0:00:50
2024-04-21,0,134,134,6.6877,0:02:59
2024-04-22,0,338,338,5.8572,0:01:02
2024-04-23,2,223,223,7.6349,0:02:03
2024-04-24,1,129,129,7.2955,0:03:23
2024-04-25,0,59,59,3.0195,0:03:04
2024-04-26,1,589,589,6.2206,0:00:38
2024-04-27,1,185,185,6.0273,0:01:57
2024-04-28,1,167,167,8.449,0:03:02
2024-04-29,1,307,307,8.7803,0:01:42
2024-04-30,0,538,538,9.3292,0:01:02
2024-05-01,0,156,156,6.9356,0:02:40
2024-05-02,0,191,191,10.7173,0:03:22
2024-05-03,2,148,148,6.2376,0:02:31
2024-05-04,-1,155,155,6.3207,0:02:26
2024-05-05,0,89,89,7.578,0:05:06
2024-05-06,-1,148,148,5.44,0:02:12
2024-05-07,-1,122,122,3.8696,0:01:54
2024-05-08,0,72,72,5.7949,0:04:49
2024-05-09,2,100,100,5.7318,0:03:26
2024-05-10,0,144,144,8.8872,0:03:42
2024-05-11,0,134,134,8.2705,0:03:42
2024-05-12,1,98,98,5.8412,0:03:34
2024-05-13,0,134,134,7.1295,0:03:11
2024-05-14,-1,96,96,4.3799,0:02:44
2024-05-15,1,101,101,8.1849,0:04:51
2024-05-16,0,90,90,5.3573,0:03:34
2024-05-17,0,120,120,8.6402,0:04:19
2024-05-18,1,136,136,8.5868,0:03:47
2024-05-19,0,56,56,3.528,0:03:46
2024-05-20,0,69,69,5.4522,0:04:44
2024-05-21,0,53,53,3.1191,0:03:31
2024-05-22,0,67,67,5.4064,0:04:50
2024-05-23,0,56,56,3.0274,0:03:14
2024-05-24,0,476,476,5.1807,0:00:39
2024-05-25,1,98,98,5.2058,0:03:11
2024-05-26,0,68,68,4.5079,0:03:58
2024-05-27,0,54,54,4.0731,0:04:31
2024-05-28,0,67,67,3.4801,0:03:06
2024-05-29,0,55,55,2.6627,0:02:54
2024-05-30,0,78,78,4.5952,0:03:32
2024-05-31,0,66,66,3.9301,0:03:34
2024-06-01,2,68,68,3.4145,0:03:00
2024-06-02,0,70,70,5.2283,0:04:28
2024-06-03,0,62,62,2.8969,0:02:48
2024-06-04,0,74,74,4.1154,0:03:20
2024-06-05,0,76,76,3.6782,0:02:54
2024-06-06,0,53,53,4.3005,0:04:52
2024-06-07,0,86,86,6.2498,0:04:21
2024-06-08,1,62,62,3.5187,0:03:24
2024-06-09,0,83,83,3.5598,0:02:34
2024-06-10,0,95,95,5.4258,0:03:25
2024-06-11,0,53,53,4.5995,0:05:12
2024-06-12,0,74,74,4.0019,0:03:14
2024-06-13,0,61,61,3.5899,0:03:31
2024-06-14,0,48,48,2.67,0:03:20
2024-06-15,0,60,60,3.0719,0:03:04
2024-06-16,0,82,82,4.2497,0:03:06
2024-06-17,0,64,64,3.7168,0:03:29
2024-06-18,0,62,62,3.1075,0:03:00
2024-06-19,0,81,81,5.7148,0:04:13
2024-06-20,0,110,110,4.3076,0:02:20
2024-06-21,0,59,59,3.1705,0:03:13
2024-06-22,0,44,44,2.3602,0:03:13
2024-06-23,0,55,55,3.898,0:04:15
2024-06-24,-1,51,51,1.9425,0:02:17
2024-06-25,0,39,39,2.1513,0:03:18
2024-06-26,0,35,35,2.3613,0:04:02
2024-06-27,0,53,53,3.375,0:03:49
2024-06-28,0,68,68,1.9442,0:01:42
2024-06-29,0,39,39,1.7169,0:02:38
2024-06-30,0,49,49,1.8793,0:02:18
2024-07-01,0,44,44,1.5269,0:02:04
2024-07-02,1,49,49,2.6249,0:03:12
2024-07-03,1,34,34,1.6403,0:02:53
2024-07-04,0,287,287,3.1003,0:00:38
2024-07-05,-1,73,73,4.4956,0:03:41
2024-07-06,0,69,69,3.9699,0:03:27
2024-07-07,0,69,69,7.354,0:06:23
2024-07-08,-1,65,65,2.6332,0:02:25
2024-07-09,0,73,73,3.0599,0:02:30
2024-07-10,0,60,60,3.1505,0:03:09
2024-07-11,0,54,54,2.9079,0:03:13
2024-07-12,0,46,46,4.1304,0:05:23
2024-07-13,0,50,50,6.5412,0:07:50
2024-07-14,0,46,46,1.6802,0:02:11
2024-07-15,0,58,58,2.8535,0:02:57
2024-07-16,0,69,69,4.3706,0:03:48
2024-07-17,0,80,80,3.7828,0:02:50
2024-07-18,0,44,44,2.4034,0:03:16
2024-07-19,1,47,47,1.4854,0:01:53
2024-07-20,0,63,63,2.8475,0:02:42
2024-07-21,0,41,41,1.4456,0:02:06
2024-07-22,0,43,43,1.6348,0:02:16
2024-07-23,0,41,41,1.7907,0:02:37
2024-07-24,0,47,47,2.59,0:03:18
2024-07-25,0,52,52,2.1029,0:02:25
2024-07-26,0,65,65,2.5942,0:02:23
2024-07-27,0,55,55,2.9088,0:03:10
2024-07-28,0,35,35,1.5032,0:02:34
2024-07-29,-1,801,801,10.509,0:00:47
2024-07-30,0,114,114,2.2996,0:01:12
2024-07-31,0,55,55,2.664,0:02:54
2024-08-01,0,44,44,2.1818,0:02:58
2024-08-02,0,55,55,2.4756,0:02:42
2024-08-03,0,51,51,2.1142,0:02:29
2024-08-04,0,48,48,2.6577,0:03:19
2024-08-05,0,46,46,1.7697,0:02:18
2024-08-06,1,51,51,2.4455,0:02:52
2024-08-07,0,55,55,6.6799,0:07:17
2024-08-08,0,48,48,2.3291,0:02:54
2024-08-09,0,42,42,1.2099,0:01:43
2024-08-10,0,54,54,3.7917,0:04:12
2024-08-11,0,45,45,2.9903,0:03:59
2024-08-12,0,35,35,1.9584,0:03:21
2024-08-13,0,42,42,1.6752,0:02:23
2024-08-14,0,31,31,1.5634,0:03:01
2024-08-15,0,56,56,3.3294,0:03:34
2024-08-16,0,40,40,1.961,0:02:56
2024-08-17,1,43,43,1.8914,0:02:38
2024-08-18,0,40,40,1.7267,0:02:35
2024-08-19,0,33,33,1.5176,0:02:45
2024-08-20,0,32,32,1.586,0:02:58
2024-08-21,1,33,33,1.1781,0:02:08
2024-08-22,0,45,45,2.1848,0:02:54
2024-08-23,0,46,46,2.9213,0:03:48
2024-08-24,0,50,50,2.249,0:02:41
2024-08-25,0,29,29,0.8527,0:01:45
2024-08-26,0,38,38,2.0208,0:03:11
2024-08-27,1,38,38,1.5438,0:02:26
2024-08-28,0,34,34,1.2597,0:02:13
2024-08-29,0,37,37,1.7604,0:02:51
2024-08-30,1,36,36,1.9068,0:03:10
2024-08-31,0,40,40,2.1473,0:03:13
2024-09-01,0,39,39,1.6551,0:02:32
2024-09-02,0,30,30,1.2412,0:02:28
2024-09-03,0,25,25,1.1761,0:02:49
2024-09-04,0,47,47,2.7307,0:03:29
2024-09-05,0,56,56,3.1154,0:03:20
2024-09-06,0,60,60,3.1944,0:03:11
2024-09-07,0,51,51,3.3758,0:03:58
2024-09-08,1,58,58,2.187,0:02:15
2024-09-09,0,50,50,2.4799,0:02:58
2024-09-10,0,37,37,1.5946,0:02:35
2024-09-11,0,43,43,2.1018,0:02:55
2024-09-12,0,49,49,2.0525,0:02:30
2024-09-13,0,69,69,2.3365,0:02:01
2024-09-14,1,44,44,2.3948,0:03:15
2024-09-15,0,37,37,1.512,0:02:27
2024-09-16,0,29,29,1.9149,0:03:57
2024-09-17,0,36,36,1.3209,0:02:12
2024-09-18,0,30,30,2.1342,0:04:16
2024-09-19,0,30,30,1.2395,0:02:28
2024-09-20,0,35,35,1.1947,0:02:02
2024-09-21,0,30,30,1.192,0:02:23
2024-09-22,1,64,64,3.6169,0:03:23
2024-09-23,0,53,53,3.0934,0:03:30
2024-09-24,0,48,48,2.4395,0:03:02
2024-09-25,0,36,36,1.854,0:03:05
2024-09-26,0,34,34,1.4546,0:02:34
2024-09-27,0,27,27,2.0487,0:04:33
2024-09-28,0,30,30,1.2036,0:02:24
2024-09-29,0,45,45,2.8153,0:03:45
2024-09-30,0,58,58,2.6486,0:02:44
2024-10-01,0,34,34,1.563,0:02:45
2024-10-02,1,35,35,1.5464,0:02:39
2024-10-03,0,35,35,1.1023,0:01:53
2024-10-04,0,50,50,1.9143,0:02:17
2024-10-05,0,70,70,5.4646,0:04:41
2024-10-06,-1,67,67,2.2671,0:02:01
2024-10-07,0,43,43,2.9559,0:04:07
2024-10-08,0,58,58,2.692,0:02:47
2024-10-09,0,69,69,2.9275,0:02:32
2024-10-10,0,51,51,1.9955,0:02:20
2024-10-11,0,32,32,2.7287,0:05:06
2024-10-12,0,35,35,2.1002,0:03:36
2024-10-13,0,46,46,3.044,0:03:58
2024-10-14,0,63,63,3.484,0:03:19
2024-10-15,0,46,46,2.2994,0:02:59
2024-10-16,0,98,98,4.016,0:02:27
2024-10-17,0,62,62,3.3524,0:03:14
2024-10-18,0,43,43,1.5105,0:02:06
2024-10-19,0,58,58,2.768,0:02:51
2024-10-20,1,59,59,2.7289,0:02:46
2024-10-21,0,141,141,6.0142,0:02:33
2024-10-22,1,158,158,7.4311,0:02:49
2024-10-23,0,115,115,5.2523,0:02:44
2024-10-24,0,131,131,6.7014,0:03:04
2024-10-25,0,104,104,4.8344,0:02:47
2024-10-26,0,80,80,4.0255,0:03:01
2024-10-27,0,80,80,2.7969,0:02:05
2024-10-28,0,48,48,2.5248,0:03:09
2024-10-29,0,68,68,3.1324,0:02:45
2024-10-30,-1,64,64,2.7193,0:02:32
2024-10-31,0,110,110,5.146,0:02:48
2024-11-01,0,109,109,11.0954,0:06:06
2024-11-02,0,89,89,4.1286,0:02:46
2024-11-03,0,62,62,2.5874,0:02:30
2024-11-04,0,48,48,2.4604,0:03:04
2024-11-05,0,43,43,2.5614,0:03:34
2024-11-06,0,43,43,3.1822,0:04:26
2024-11-07,0,85,85,4.223,0:02:58
2024-11-08,0,86,86,5.0155,0:03:29
2024-11-09,0,74,74,3.8915,0:03:09
2024-11-10,0,59,59,2.7761,0:02:49
2024-11-11,1,91,91,5.3576,0:03:31
2024-11-12,0,90,90,3.9808,0:02:39
2024-11-13,0,58,58,3.7529,0:03:52
2024-11-14,0,84,84,2.4146,0:01:43
2024-11-15,0,75,75,4.8313,0:03:51
2024-11-16,0,79,79,3.6631,0:02:46
2024-11-17,0,80,80,4.678,0:03:30
2024-11-18,0,85,85,7.1083,0:05:01
2024-11-19,0,99,99,5.6297,0:03:24
2024-11-20,0,88,88,4.2706,0:02:54
2024-11-21,-1,92,92,3.7281,0:02:25
2024-11-22,0,77,77,3.1725,0:02:28
2024-11-23,1,91,91,4.2344,0:02:47
2024-11-24,0,89,89,4.9544,0:03:20
2024-11-25,0,120,120,8.6009,0:04:18
